"id_address","carrer","numero","pis","porta","ciutat","codi_postal","pais"
5001,"carrer1",1,1,"1","Ciutat1","08001","Espanya"
5002,"carrer2",2,2,"2","Ciutat2","08002","Espanya"
5003,"carrer3",3,1,"3","Ciutat3","08003","Espanya"
5004,"carrer4",4,2,"4","Ciutat1","08001","Espanya"
5005,"carrer5",5,1,"1","Ciutat2","08002","Espanya"
5006,"carrer6",6,2,"2","Ciutat3","08003","Espanya"
5007,"carrer1",7,1,"3","Ciutat1","08001","Espanya"
5008,"carrer2",8,2,"4","Ciutat2","08002","Espanya"
5009,"carrer3",9,1,"A","Ciutat3","08003","Espanya"
5010,"carrer4",10,2,"B","Ciutat1","08001","Espanya"
5011,"carrer5",11,1,"C","Ciutat1","08001","Espanya"